"Program","Year","Period","Week Ending","Geo Level","State","State ANSI","Ag District","Ag District Code","County","County ANSI","Zip Code","Region","watershed_code","Watershed","Commodity","Data Item","Domain","Domain Category","Value","CV (%)"
"SURVEY","2020","MARKETING YEAR","","STATE","ALASKA","02","","","","","","","00000000","","BARLEY","BARLEY - PRICE RECEIVED, MEASURED IN $ / BU","TOTAL","NOT SPECIFIED","5.1",""
"SURVEY","2020","MARKETING YEAR","","STATE","ALASKA","02","","","","","","","00000000","","HAY","HAY - PRICE RECEIVED, MEASURED IN $ / TON","TOTAL","NOT SPECIFIED","370",""
"SURVEY","2020","MARKETING YEAR","","STATE","ALASKA","02","","","","","","","00000000","","HAY","HAY, (EXCL ALFALFA) - PRICE RECEIVED, MEASURED IN $ / TON","TOTAL","NOT SPECIFIED","370",""
"SURVEY","2020","MARKETING YEAR","","STATE","ALASKA","02","","","","","","","00000000","","HAY","HAY, ALFALFA - PRICE RECEIVED, MEASURED IN $ / TON","TOTAL","NOT SPECIFIED"," (NA)",""
"SURVEY","2020","YEAR","","STATE","ALASKA","02","","","","","","","00000000","","BARLEY","BARLEY - ACRES HARVESTED","TOTAL","NOT SPECIFIED","5,000",""
"SURVEY","2020","YEAR","","STATE","ALASKA","02","","","","","","","00000000","","BARLEY","BARLEY - ACRES PLANTED","TOTAL","NOT SPECIFIED","6,000",""
"SURVEY","2020","YEAR","","STATE","ALASKA","02","","","","","","","00000000","","BARLEY","BARLEY - PRODUCTION, MEASURED IN $","TOTAL","NOT SPECIFIED","1,097,000",""
"SURVEY","2020","YEAR","","STATE","ALASKA","02","","","","","","","00000000","","BARLEY","BARLEY - PRODUCTION, MEASURED IN BU","TOTAL","NOT SPECIFIED","215,000",""
"SURVEY","2020","YEAR","","STATE","ALASKA","02","","","","","","","00000000","","BARLEY","BARLEY - YIELD, MEASURED IN BU / ACRE","TOTAL","NOT SPECIFIED","43",""
"SURVEY","2020","YEAR","","STATE","ALASKA","02","","","","","","","00000000","","CROP TOTALS","CROP TOTALS, (EXCL HORTICULTURE) - PRODUCTION, MEASURED IN $","TOTAL","NOT SPECIFIED","9,977,000",""
"SURVEY","2020","YEAR","","STATE","ALASKA","02","","","","","","","00000000","","FIELD CROP TOTALS","FIELD CROP TOTALS, INCL POTATOES & OTHER - PRODUCTION, MEASURED IN $","TOTAL","NOT SPECIFIED","9,977,000",""
"SURVEY","2020","YEAR","","STATE","ALASKA","02","","","","","","","00000000","","FIELD CROP TOTALS","FIELD CROP TOTALS, PRINCIPAL, INCL POTATOES - ACRES HARVESTED","TOTAL","NOT SPECIFIED","27,000",""
"SURVEY","2020","YEAR","","STATE","ALASKA","02","","","","","","","00000000","","FIELD CROP TOTALS","FIELD CROP TOTALS, PRINCIPAL, INCL POTATOES - ACRES PLANTED","TOTAL","NOT SPECIFIED","28,000",""
"SURVEY","2020","YEAR","","STATE","ALASKA","02","","","","","","","00000000","","HAY","HAY - ACRES HARVESTED","TOTAL","NOT SPECIFIED","22,000",""
"SURVEY","2020","YEAR","","STATE","ALASKA","02","","","","","","","00000000","","HAY","HAY - PRODUCTION, MEASURED IN $","TOTAL","NOT SPECIFIED","8,880,000",""
"SURVEY","2020","YEAR","","STATE","ALASKA","02","","","","","","","00000000","","HAY","HAY - PRODUCTION, MEASURED IN TONS","TOTAL","NOT SPECIFIED","24,000",""
"SURVEY","2020","YEAR","","STATE","ALASKA","02","","","","","","","00000000","","HAY","HAY - YIELD, MEASURED IN TONS / ACRE","TOTAL","NOT SPECIFIED","1.1",""
"SURVEY","2020","YEAR","","STATE","ALASKA","02","","","","","","","00000000","","HAY","HAY, (EXCL ALFALFA) - ACRES HARVESTED","TOTAL","NOT SPECIFIED","22,000",""
"SURVEY","2020","YEAR","","STATE","ALASKA","02","","","","","","","00000000","","HAY","HAY, (EXCL ALFALFA) - PRODUCTION, MEASURED IN $","TOTAL","NOT SPECIFIED","8,880,000",""
"SURVEY","2020","YEAR","","STATE","ALASKA","02","","","","","","","00000000","","HAY","HAY, (EXCL ALFALFA) - PRODUCTION, MEASURED IN TONS","TOTAL","NOT SPECIFIED","24,000",""
"SURVEY","2020","YEAR","","STATE","ALASKA","02","","","","","","","00000000","","HAY","HAY, (EXCL ALFALFA) - YIELD, MEASURED IN TONS / ACRE","TOTAL","NOT SPECIFIED","1.1",""
"SURVEY","2020","YEAR","","STATE","ALASKA","02","","","","","","","00000000","","HAY & HAYLAGE","HAY & HAYLAGE - PRODUCTION, MEASURED IN $","TOTAL","NOT SPECIFIED","8,880,000",""
"SURVEY","2020","YEAR","","STATE","ALASKA","02","","","","","","","00000000","","HAY & HAYLAGE","HAY & HAYLAGE, (EXCL ALFALFA) - PRODUCTION, MEASURED IN $","TOTAL","NOT SPECIFIED","8,880,000",""
"SURVEY","2020","YEAR - JUN ACREAGE","","STATE","ALASKA","02","","","","","","","00000000","","BARLEY","BARLEY - ACRES HARVESTED","TOTAL","NOT SPECIFIED","5,000",""
"SURVEY","2020","YEAR - JUN ACREAGE","","STATE","ALASKA","02","","","","","","","00000000","","BARLEY","BARLEY - ACRES PLANTED","TOTAL","NOT SPECIFIED","6,000",""
"SURVEY","2020","YEAR - JUN ACREAGE","","STATE","ALASKA","02","","","","","","","00000000","","FIELD CROP TOTALS","FIELD CROP TOTALS, PRINCIPAL, INCL POTATOES - ACRES PLANTED","TOTAL","NOT SPECIFIED","31,000",""
"SURVEY","2020","YEAR - JUN ACREAGE","","STATE","ALASKA","02","","","","","","","00000000","","HAY","HAY - ACRES HARVESTED","TOTAL","NOT SPECIFIED","25,000",""
"SURVEY","2020","YEAR - JUN ACREAGE","","STATE","ALASKA","02","","","","","","","00000000","","HAY","HAY, (EXCL ALFALFA) - ACRES HARVESTED","TOTAL","NOT SPECIFIED","25,000",""
"SURVEY","2020","YEAR - MAR ACREAGE","","STATE","ALASKA","02","","","","","","","00000000","","BARLEY","BARLEY - ACRES PLANTED","TOTAL","NOT SPECIFIED","5,000",""
"SURVEY","2020","YEAR - MAR ACREAGE","","STATE","ALASKA","02","","","","","","","00000000","","FIELD CROP TOTALS","FIELD CROP TOTALS, PRINCIPAL, INCL POTATOES - ACRES PLANTED","TOTAL","NOT SPECIFIED","30,000",""
"SURVEY","2020","YEAR - MAR ACREAGE","","STATE","ALASKA","02","","","","","","","00000000","","HAY","HAY - ACRES HARVESTED","TOTAL","NOT SPECIFIED","25,000",""
"SURVEY","2020","JAN","","STATE","ALASKA","02","","","","","","","00000000","","CORN","CORN, GRAIN - PRICE RECEIVED, MEASURED IN $ / BU","TOTAL","NOT SPECIFIED"," (NA)",""
"SURVEY","2020","FEB","","STATE","ALASKA","02","","","","","","","00000000","","CORN","CORN, GRAIN - PRICE RECEIVED, MEASURED IN $ / BU","TOTAL","NOT SPECIFIED"," (NA)",""
"SURVEY","2020","MAR","","STATE","ALASKA","02","","","","","","","00000000","","CORN","CORN, GRAIN - PRICE RECEIVED, MEASURED IN $ / BU","TOTAL","NOT SPECIFIED"," (NA)",""
"SURVEY","2020","APR","","STATE","ALASKA","02","","","","","","","00000000","","CORN","CORN, GRAIN - PRICE RECEIVED, MEASURED IN $ / BU","TOTAL","NOT SPECIFIED"," (NA)",""
"SURVEY","2020","MAY","","STATE","ALASKA","02","","","","","","","00000000","","CORN","CORN, GRAIN - PRICE RECEIVED, MEASURED IN $ / BU","TOTAL","NOT SPECIFIED"," (NA)",""
"SURVEY","2020","JUN","","STATE","ALASKA","02","","","","","","","00000000","","CORN","CORN, GRAIN - PRICE RECEIVED, MEASURED IN $ / BU","TOTAL","NOT SPECIFIED"," (NA)",""
"SURVEY","2020","JUL","","STATE","ALASKA","02","","","","","","","00000000","","CORN","CORN, GRAIN - PRICE RECEIVED, MEASURED IN $ / BU","TOTAL","NOT SPECIFIED"," (NA)",""
"SURVEY","2020","AUG","","STATE","ALASKA","02","","","","","","","00000000","","CORN","CORN, GRAIN - PRICE RECEIVED, MEASURED IN $ / BU","TOTAL","NOT SPECIFIED"," (NA)",""
"SURVEY","2020","SEP","","STATE","ALASKA","02","","","","","","","00000000","","CORN","CORN, GRAIN - PRICE RECEIVED, MEASURED IN $ / BU","TOTAL","NOT SPECIFIED"," (NA)",""
"SURVEY","2019","MARKETING YEAR","","STATE","ALASKA","02","","","","","","","00000000","","BARLEY","BARLEY - PRICE RECEIVED, MEASURED IN $ / BU","TOTAL","NOT SPECIFIED","5.2",""
"SURVEY","2019","MARKETING YEAR","","STATE","ALASKA","02","","","","","","","00000000","","HAY","HAY - PRICE RECEIVED, MEASURED IN $ / TON","TOTAL","NOT SPECIFIED","350",""
"SURVEY","2019","MARKETING YEAR","","STATE","ALASKA","02","","","","","","","00000000","","HAY","HAY, (EXCL ALFALFA) - PRICE RECEIVED, MEASURED IN $ / TON","TOTAL","NOT SPECIFIED","350",""
"SURVEY","2019","MARKETING YEAR","","STATE","ALASKA","02","","","","","","","00000000","","HAY","HAY, ALFALFA - PRICE RECEIVED, MEASURED IN $ / TON","TOTAL","NOT SPECIFIED"," (NA)",""
"SURVEY","2019","YEAR","","STATE","ALASKA","02","","","","","","","00000000","","BARLEY","BARLEY - ACRES HARVESTED","TOTAL","NOT SPECIFIED","5,000",""
"SURVEY","2019","YEAR","","STATE","ALASKA","02","","","","","","","00000000","","BARLEY","BARLEY - ACRES PLANTED","TOTAL","NOT SPECIFIED","6,000",""
"SURVEY","2019","YEAR","","STATE","ALASKA","02","","","","","","","00000000","","BARLEY","BARLEY - PRODUCTION, MEASURED IN $","TOTAL","NOT SPECIFIED","988,000",""
"SURVEY","2019","YEAR","","STATE","ALASKA","02","","","","","","","00000000","","BARLEY","BARLEY - PRODUCTION, MEASURED IN BU","TOTAL","NOT SPECIFIED","190,000",""
"SURVEY","2019","YEAR","","STATE","ALASKA","02","","","","","","","00000000","","BARLEY","BARLEY - YIELD, MEASURED IN BU / ACRE","TOTAL","NOT SPECIFIED","38",""
"SURVEY","2019","YEAR","","STATE","ALASKA","02","","","","","","","00000000","","CROP TOTALS","CROP TOTALS, (EXCL HORTICULTURE) - PRODUCTION, MEASURED IN $","TOTAL","NOT SPECIFIED","11,138,000",""
"SURVEY","2019","YEAR","","STATE","ALASKA","02","","","","","","","00000000","","FIELD CROP TOTALS","FIELD CROP TOTALS, INCL POTATOES & OTHER - PRODUCTION, MEASURED IN $","TOTAL","NOT SPECIFIED","11,138,000",""
"SURVEY","2019","YEAR","","STATE","ALASKA","02","","","","","","","00000000","","FIELD CROP TOTALS","FIELD CROP TOTALS, PRINCIPAL, INCL POTATOES - ACRES HARVESTED","TOTAL","NOT SPECIFIED","27,000",""
"SURVEY","2019","YEAR","","STATE","ALASKA","02","","","","","","","00000000","","FIELD CROP TOTALS","FIELD CROP TOTALS, PRINCIPAL, INCL POTATOES - ACRES PLANTED","TOTAL","NOT SPECIFIED","28,000",""
"SURVEY","2019","YEAR","","STATE","ALASKA","02","","","","","","","00000000","","HAY","HAY - ACRES HARVESTED","TOTAL","NOT SPECIFIED","22,000",""
"SURVEY","2019","YEAR","","STATE","ALASKA","02","","","","","","","00000000","","HAY","HAY - PRODUCTION, MEASURED IN $","TOTAL","NOT SPECIFIED","10,150,000",""
"SURVEY","2019","YEAR","","STATE","ALASKA","02","","","","","","","00000000","","HAY","HAY - PRODUCTION, MEASURED IN TONS","TOTAL","NOT SPECIFIED","29,000",""
"SURVEY","2019","YEAR","","STATE","ALASKA","02","","","","","","","00000000","","HAY","HAY - YIELD, MEASURED IN TONS / ACRE","TOTAL","NOT SPECIFIED","1.3",""
"SURVEY","2019","YEAR","","STATE","ALASKA","02","","","","","","","00000000","","HAY","HAY, (EXCL ALFALFA) - ACRES HARVESTED","TOTAL","NOT SPECIFIED","22,000",""
"SURVEY","2019","YEAR","","STATE","ALASKA","02","","","","","","","00000000","","HAY","HAY, (EXCL ALFALFA) - PRODUCTION, MEASURED IN $","TOTAL","NOT SPECIFIED","10,150,000",""
"SURVEY","2019","YEAR","","STATE","ALASKA","02","","","","","","","00000000","","HAY","HAY, (EXCL ALFALFA) - PRODUCTION, MEASURED IN TONS","TOTAL","NOT SPECIFIED","29,000",""
"SURVEY","2019","YEAR","","STATE","ALASKA","02","","","","","","","00000000","","HAY","HAY, (EXCL ALFALFA) - YIELD, MEASURED IN TONS / ACRE","TOTAL","NOT SPECIFIED","1.3",""
"SURVEY","2019","YEAR","","STATE","ALASKA","02","","","","","","","00000000","","HAY","HAY, ALFALFA - PRODUCTION, MEASURED IN $","TOTAL","NOT SPECIFIED"," (X)",""
"SURVEY","2019","YEAR","","STATE","ALASKA","02","","","","","","","00000000","","HAY & HAYLAGE","HAY & HAYLAGE - PRODUCTION, MEASURED IN $","TOTAL","NOT SPECIFIED","10,150,000",""
"SURVEY","2019","YEAR","","STATE","ALASKA","02","","","","","","","00000000","","HAY & HAYLAGE","HAY & HAYLAGE, (EXCL ALFALFA) - PRODUCTION, MEASURED IN $","TOTAL","NOT SPECIFIED","10,150,000",""
"SURVEY","2019","YEAR","","STATE","ALASKA","02","","","","","","","00000000","","HAY & HAYLAGE","HAY & HAYLAGE, ALFALFA - PRODUCTION, MEASURED IN $","TOTAL","NOT SPECIFIED"," (X)",""
"SURVEY","2019","YEAR - JUN ACREAGE","","STATE","ALASKA","02","","","","","","","00000000","","BARLEY","BARLEY - ACRES HARVESTED","TOTAL","NOT SPECIFIED","5,000",""
"SURVEY","2019","YEAR - JUN ACREAGE","","STATE","ALASKA","02","","","","","","","00000000","","BARLEY","BARLEY - ACRES PLANTED","TOTAL","NOT SPECIFIED","6,000",""
"SURVEY","2019","YEAR - JUN ACREAGE","","STATE","ALASKA","02","","","","","","","00000000","","FIELD CROP TOTALS","FIELD CROP TOTALS, PRINCIPAL, INCL POTATOES - ACRES PLANTED","TOTAL","NOT SPECIFIED","26,000",""
"SURVEY","2019","YEAR - JUN ACREAGE","","STATE","ALASKA","02","","","","","","","00000000","","HAY","HAY - ACRES HARVESTED","TOTAL","NOT SPECIFIED","20,000",""
"SURVEY","2019","YEAR - JUN ACREAGE","","STATE","ALASKA","02","","","","","","","00000000","","HAY","HAY, (EXCL ALFALFA) - ACRES HARVESTED","TOTAL","NOT SPECIFIED","20,000",""
"SURVEY","2019","YEAR - MAR ACREAGE","","STATE","ALASKA","02","","","","","","","00000000","","BARLEY","BARLEY - ACRES PLANTED","TOTAL","NOT SPECIFIED","5,000",""
"SURVEY","2019","YEAR - MAR ACREAGE","","STATE","ALASKA","02","","","","","","","00000000","","FIELD CROP TOTALS","FIELD CROP TOTALS, PRINCIPAL, INCL POTATOES - ACRES PLANTED","TOTAL","NOT SPECIFIED","27,000",""
"SURVEY","2019","YEAR - MAR ACREAGE","","STATE","ALASKA","02","","","","","","","00000000","","HAY","HAY - ACRES HARVESTED","TOTAL","NOT SPECIFIED","21,000",""
"SURVEY","2019","JAN","","STATE","ALASKA","02","","","","","","","00000000","","CORN","CORN, GRAIN - PRICE RECEIVED, MEASURED IN $ / BU","TOTAL","NOT SPECIFIED"," (S)",""
"SURVEY","2019","JAN","","STATE","ALASKA","02","","","","","","","00000000","","HAY","HAY - PRICE RECEIVED, MEASURED IN $ / TON","TOTAL","NOT SPECIFIED","360",""
"SURVEY","2019","JAN","","STATE","ALASKA","02","","","","","","","00000000","","HAY","HAY, (EXCL ALFALFA) - PRICE RECEIVED, MEASURED IN $ / TON","TOTAL","NOT SPECIFIED"," (S)",""
"SURVEY","2019","JAN","","STATE","ALASKA","02","","","","","","","00000000","","HAY","HAY, ALFALFA - PRICE RECEIVED, MEASURED IN $ / TON","TOTAL","NOT SPECIFIED"," (S)",""
"SURVEY","2019","FEB","","STATE","ALASKA","02","","","","","","","00000000","","CORN","CORN, GRAIN - PRICE RECEIVED, MEASURED IN $ / BU","TOTAL","NOT SPECIFIED"," (S)",""
"SURVEY","2019","FEB","","STATE","ALASKA","02","","","","","","","00000000","","HAY","HAY - PRICE RECEIVED, MEASURED IN $ / TON","TOTAL","NOT SPECIFIED","350",""
"SURVEY","2019","FEB","","STATE","ALASKA","02","","","","","","","00000000","","HAY","HAY, (EXCL ALFALFA) - PRICE RECEIVED, MEASURED IN $ / TON","TOTAL","NOT SPECIFIED"," (S)",""
"SURVEY","2019","FEB","","STATE","ALASKA","02","","","","","","","00000000","","HAY","HAY, ALFALFA - PRICE RECEIVED, MEASURED IN $ / TON","TOTAL","NOT SPECIFIED"," (S)",""
"SURVEY","2019","MAR","","STATE","ALASKA","02","","","","","","","00000000","","CORN","CORN, GRAIN - PRICE RECEIVED, MEASURED IN $ / BU","TOTAL","NOT SPECIFIED"," (S)",""
"SURVEY","2019","MAR","","STATE","ALASKA","02","","","","","","","00000000","","HAY","HAY - PRICE RECEIVED, MEASURED IN $ / TON","TOTAL","NOT SPECIFIED","360",""
"SURVEY","2019","MAR","","STATE","ALASKA","02","","","","","","","00000000","","HAY","HAY, (EXCL ALFALFA) - PRICE RECEIVED, MEASURED IN $ / TON","TOTAL","NOT SPECIFIED","360",""
"SURVEY","2019","MAR","","STATE","ALASKA","02","","","","","","","00000000","","HAY","HAY, ALFALFA - PRICE RECEIVED, MEASURED IN $ / TON","TOTAL","NOT SPECIFIED"," (S)",""
"SURVEY","2019","APR","","STATE","ALASKA","02","","","","","","","00000000","","CORN","CORN, GRAIN - PRICE RECEIVED, MEASURED IN $ / BU","TOTAL","NOT SPECIFIED"," (S)",""
"SURVEY","2019","APR","","STATE","ALASKA","02","","","","","","","00000000","","HAY","HAY - PRICE RECEIVED, MEASURED IN $ / TON","TOTAL","NOT SPECIFIED"," (NA)",""
"SURVEY","2019","APR","","STATE","ALASKA","02","","","","","","","00000000","","HAY","HAY, (EXCL ALFALFA) - PRICE RECEIVED, MEASURED IN $ / TON","TOTAL","NOT SPECIFIED"," (NA)",""
"SURVEY","2019","APR","","STATE","ALASKA","02","","","","","","","00000000","","HAY","HAY, ALFALFA - PRICE RECEIVED, MEASURED IN $ / TON","TOTAL","NOT SPECIFIED"," (NA)",""
"SURVEY","2019","MAY","","STATE","ALASKA","02","","","","","","","00000000","","CORN","CORN, GRAIN - PRICE RECEIVED, MEASURED IN $ / BU","TOTAL","NOT SPECIFIED"," (S)",""
"SURVEY","2019","JUN","","STATE","ALASKA","02","","","","","","","00000000","","CORN","CORN, GRAIN - PRICE RECEIVED, MEASURED IN $ / BU","TOTAL","NOT SPECIFIED"," (S)",""
"SURVEY","2019","JUL","","STATE","ALASKA","02","","","","","","","00000000","","CORN","CORN, GRAIN - PRICE RECEIVED, MEASURED IN $ / BU","TOTAL","NOT SPECIFIED"," (S)",""
"SURVEY","2019","AUG","","STATE","ALASKA","02","","","","","","","00000000","","CORN","CORN, GRAIN - PRICE RECEIVED, MEASURED IN $ / BU","TOTAL","NOT SPECIFIED"," (S)",""
"SURVEY","2019","SEP","","STATE","ALASKA","02","","","","","","","00000000","","CORN","CORN, GRAIN - PRICE RECEIVED, MEASURED IN $ / BU","TOTAL","NOT SPECIFIED"," (NA)",""
"SURVEY","2019","OCT","","STATE","ALASKA","02","","","","","","","00000000","","CORN","CORN, GRAIN - PRICE RECEIVED, MEASURED IN $ / BU","TOTAL","NOT SPECIFIED"," (NA)",""
"SURVEY","2019","NOV","","STATE","ALASKA","02","","","","","","","00000000","","CORN","CORN, GRAIN - PRICE RECEIVED, MEASURED IN $ / BU","TOTAL","NOT SPECIFIED"," (NA)",""
"SURVEY","2019","DEC","","STATE","ALASKA","02","","","","","","","00000000","","CORN","CORN, GRAIN - PRICE RECEIVED, MEASURED IN $ / BU","TOTAL","NOT SPECIFIED"," (NA)",""
"SURVEY","2018","MARKETING YEAR","","STATE","ALASKA","02","","","","","","","00000000","","BARLEY","BARLEY - PRICE RECEIVED, MEASURED IN $ / BU","TOTAL","NOT SPECIFIED","5.2",""
"SURVEY","2018","MARKETING YEAR","","STATE","ALASKA","02","","","","","","","00000000","","CORN","CORN, GRAIN - PRICE RECEIVED, MEASURED IN $ / BU","TOTAL","NOT SPECIFIED"," (NA)",""
"SURVEY","2018","MARKETING YEAR","","STATE","ALASKA","02","","","","","","","00000000","","HAY","HAY - PRICE RECEIVED, MEASURED IN $ / TON","TOTAL","NOT SPECIFIED","355",""
"SURVEY","2018","MARKETING YEAR","","STATE","ALASKA","02","","","","","","","00000000","","HAY","HAY, (EXCL ALFALFA) - PRICE RECEIVED, MEASURED IN $ / TON","TOTAL","NOT SPECIFIED","355",""
"SURVEY","2018","MARKETING YEAR","","STATE","ALASKA","02","","","","","","","00000000","","HAY","HAY, ALFALFA - PRICE RECEIVED, MEASURED IN $ / TON","TOTAL","NOT SPECIFIED"," (NA)",""
"SURVEY","2018","MARKETING YEAR","","STATE","ALASKA","02","","","","","","","00000000","","OATS","OATS - PRICE RECEIVED, MEASURED IN $ / BU","TOTAL","NOT SPECIFIED"," (NA)",""
"SURVEY","2018","YEAR","","STATE","ALASKA","02","","","","","","","00000000","","BARLEY","BARLEY - ACRES HARVESTED","TOTAL","NOT SPECIFIED","4,000",""
"SURVEY","2018","YEAR","","STATE","ALASKA","02","","","","","","","00000000","","BARLEY","BARLEY - ACRES PLANTED","TOTAL","NOT SPECIFIED","5,000",""
"SURVEY","2018","YEAR","","STATE","ALASKA","02","","","","","","","00000000","","BARLEY","BARLEY - PRODUCTION, MEASURED IN $","TOTAL","NOT SPECIFIED","894,000",""
"SURVEY","2018","YEAR","","STATE","ALASKA","02","","","","","","","00000000","","BARLEY","BARLEY - PRODUCTION, MEASURED IN BU","TOTAL","NOT SPECIFIED","172,000",""
"SURVEY","2018","YEAR","","STATE","ALASKA","02","","","","","","","00000000","","BARLEY","BARLEY - YIELD, MEASURED IN BU / ACRE","TOTAL","NOT SPECIFIED","43",""
"SURVEY","2018","YEAR","","STATE","ALASKA","02","","","","","","","00000000","","CROP TOTALS","CROP TOTALS, (EXCL HORTICULTURE) - PRODUCTION, MEASURED IN $","TOTAL","NOT SPECIFIED","15,991,000",""
"SURVEY","2018","YEAR","","STATE","ALASKA","02","","","","","","","00000000","","FIELD CROP TOTALS","FIELD CROP TOTALS, INCL POTATOES & OTHER - PRODUCTION, MEASURED IN $","TOTAL","NOT SPECIFIED","15,991,000",""
"SURVEY","2018","YEAR","","STATE","ALASKA","02","","","","","","","00000000","","FIELD CROP TOTALS","FIELD CROP TOTALS, PRINCIPAL, INCL POTATOES - ACRES HARVESTED","TOTAL","NOT SPECIFIED","27,000",""
"SURVEY","2018","YEAR","","STATE","ALASKA","02","","","","","","","00000000","","FIELD CROP TOTALS","FIELD CROP TOTALS, PRINCIPAL, INCL POTATOES - ACRES PLANTED","TOTAL","NOT SPECIFIED","28,000",""
"SURVEY","2018","YEAR","","STATE","ALASKA","02","","","","","","","00000000","","HAY","HAY - ACRES HARVESTED","TOTAL","NOT SPECIFIED","22,000",""
"SURVEY","2018","YEAR","","STATE","ALASKA","02","","","","","","","00000000","","HAY","HAY - PRODUCTION, MEASURED IN $","TOTAL","NOT SPECIFIED","10,295,000",""
"SURVEY","2018","YEAR","","STATE","ALASKA","02","","","","","","","00000000","","HAY","HAY - PRODUCTION, MEASURED IN TONS","TOTAL","NOT SPECIFIED","29,000",""
"SURVEY","2018","YEAR","","STATE","ALASKA","02","","","","","","","00000000","","HAY","HAY - YIELD, MEASURED IN TONS / ACRE","TOTAL","NOT SPECIFIED","1.3",""
"SURVEY","2018","YEAR","","STATE","ALASKA","02","","","","","","","00000000","","HAY","HAY, (EXCL ALFALFA) - ACRES HARVESTED","TOTAL","NOT SPECIFIED","22,000",""
"SURVEY","2018","YEAR","","STATE","ALASKA","02","","","","","","","00000000","","HAY","HAY, (EXCL ALFALFA) - PRODUCTION, MEASURED IN $","TOTAL","NOT SPECIFIED","10,295,000",""
"SURVEY","2018","YEAR","","STATE","ALASKA","02","","","","","","","00000000","","HAY","HAY, (EXCL ALFALFA) - PRODUCTION, MEASURED IN TONS","TOTAL","NOT SPECIFIED","29,000",""
"SURVEY","2018","YEAR","","STATE","ALASKA","02","","","","","","","00000000","","HAY","HAY, (EXCL ALFALFA) - YIELD, MEASURED IN TONS / ACRE","TOTAL","NOT SPECIFIED","1.3",""
"SURVEY","2018","YEAR","","STATE","ALASKA","02","","","","","","","00000000","","HAY","HAY, ALFALFA - PRODUCTION, MEASURED IN $","TOTAL","NOT SPECIFIED"," (X)",""
"SURVEY","2018","YEAR","","STATE","ALASKA","02","","","","","","","00000000","","HAY & HAYLAGE","HAY & HAYLAGE - PRODUCTION, MEASURED IN $","TOTAL","NOT SPECIFIED","10,295,000",""
"SURVEY","2018","YEAR","","STATE","ALASKA","02","","","","","","","00000000","","HAY & HAYLAGE","HAY & HAYLAGE, (EXCL ALFALFA) - PRODUCTION, MEASURED IN $","TOTAL","NOT SPECIFIED","10,295,000",""
"SURVEY","2018","YEAR","","STATE","ALASKA","02","","","","","","","00000000","","HAY & HAYLAGE","HAY & HAYLAGE, ALFALFA - PRODUCTION, MEASURED IN $","TOTAL","NOT SPECIFIED"," (X)",""
"SURVEY","2018","YEAR - JUN ACREAGE","","STATE","ALASKA","02","","","","","","","00000000","","BARLEY","BARLEY - ACRES HARVESTED","TOTAL","NOT SPECIFIED","4,000",""
"SURVEY","2018","YEAR - JUN ACREAGE","","STATE","ALASKA","02","","","","","","","00000000","","BARLEY","BARLEY - ACRES PLANTED","TOTAL","NOT SPECIFIED","5,000",""
"SURVEY","2018","YEAR - JUN ACREAGE","","STATE","ALASKA","02","","","","","","","00000000","","FIELD CROP TOTALS","FIELD CROP TOTALS, PRINCIPAL, INCL POTATOES - ACRES PLANTED","TOTAL","NOT SPECIFIED","28,000",""
"SURVEY","2018","YEAR - JUN ACREAGE","","STATE","ALASKA","02","","","","","","","00000000","","HAY","HAY - ACRES HARVESTED","TOTAL","NOT SPECIFIED","23,000",""
"SURVEY","2018","YEAR - JUN ACREAGE","","STATE","ALASKA","02","","","","","","","00000000","","HAY","HAY, (EXCL ALFALFA) - ACRES HARVESTED","TOTAL","NOT SPECIFIED","23,000",""
"SURVEY","2018","JAN","","STATE","ALASKA","02","","","","","","","00000000","","CORN","CORN, GRAIN - PRICE RECEIVED, MEASURED IN $ / BU","TOTAL","NOT SPECIFIED"," (S)",""
"SURVEY","2018","JAN","","STATE","ALASKA","02","","","","","","","00000000","","HAY","HAY - PRICE RECEIVED, MEASURED IN $ / TON","TOTAL","NOT SPECIFIED","340",""
"SURVEY","2018","JAN","","STATE","ALASKA","02","","","","","","","00000000","","HAY","HAY, (EXCL ALFALFA) - PRICE RECEIVED, MEASURED IN $ / TON","TOTAL","NOT SPECIFIED"," (S)",""
"SURVEY","2018","JAN","","STATE","ALASKA","02","","","","","","","00000000","","HAY","HAY, ALFALFA - PRICE RECEIVED, MEASURED IN $ / TON","TOTAL","NOT SPECIFIED"," (S)",""
"SURVEY","2018","FEB","","STATE","ALASKA","02","","","","","","","00000000","","CORN","CORN, GRAIN - PRICE RECEIVED, MEASURED IN $ / BU","TOTAL","NOT SPECIFIED"," (S)",""
"SURVEY","2018","FEB","","STATE","ALASKA","02","","","","","","","00000000","","HAY","HAY - PRICE RECEIVED, MEASURED IN $ / TON","TOTAL","NOT SPECIFIED","360",""
"SURVEY","2018","FEB","","STATE","ALASKA","02","","","","","","","00000000","","HAY","HAY, (EXCL ALFALFA) - PRICE RECEIVED, MEASURED IN $ / TON","TOTAL","NOT SPECIFIED"," (S)",""
"SURVEY","2018","FEB","","STATE","ALASKA","02","","","","","","","00000000","","HAY","HAY, ALFALFA - PRICE RECEIVED, MEASURED IN $ / TON","TOTAL","NOT SPECIFIED"," (S)",""
"SURVEY","2018","MAR","","STATE","ALASKA","02","","","","","","","00000000","","CORN","CORN, GRAIN - PRICE RECEIVED, MEASURED IN $ / BU","TOTAL","NOT SPECIFIED"," (S)",""
"SURVEY","2018","MAR","","STATE","ALASKA","02","","","","","","","00000000","","HAY","HAY - PRICE RECEIVED, MEASURED IN $ / TON","TOTAL","NOT SPECIFIED","360",""
"SURVEY","2018","MAR","","STATE","ALASKA","02","","","","","","","00000000","","HAY","HAY, (EXCL ALFALFA) - PRICE RECEIVED, MEASURED IN $ / TON","TOTAL","NOT SPECIFIED","360",""
"SURVEY","2018","MAR","","STATE","ALASKA","02","","","","","","","00000000","","HAY","HAY, ALFALFA - PRICE RECEIVED, MEASURED IN $ / TON","TOTAL","NOT SPECIFIED"," (S)",""
"SURVEY","2018","APR","","STATE","ALASKA","02","","","","","","","00000000","","CORN","CORN, GRAIN - PRICE RECEIVED, MEASURED IN $ / BU","TOTAL","NOT SPECIFIED"," (S)",""
"SURVEY","2018","APR","","STATE","ALASKA","02","","","","","","","00000000","","HAY","HAY - PRICE RECEIVED, MEASURED IN $ / TON","TOTAL","NOT SPECIFIED","340",""
"SURVEY","2018","APR","","STATE","ALASKA","02","","","","","","","00000000","","HAY","HAY, (EXCL ALFALFA) - PRICE RECEIVED, MEASURED IN $ / TON","TOTAL","NOT SPECIFIED","340",""
"SURVEY","2018","APR","","STATE","ALASKA","02","","","","","","","00000000","","HAY","HAY, ALFALFA - PRICE RECEIVED, MEASURED IN $ / TON","TOTAL","NOT SPECIFIED"," (S)",""
"SURVEY","2018","MAY","","STATE","ALASKA","02","","","","","","","00000000","","CORN","CORN, GRAIN - PRICE RECEIVED, MEASURED IN $ / BU","TOTAL","NOT SPECIFIED"," (S)",""
"SURVEY","2018","MAY","","STATE","ALASKA","02","","","","","","","00000000","","HAY","HAY - PRICE RECEIVED, MEASURED IN $ / TON","TOTAL","NOT SPECIFIED","330",""
"SURVEY","2018","MAY","","STATE","ALASKA","02","","","","","","","00000000","","HAY","HAY, (EXCL ALFALFA) - PRICE RECEIVED, MEASURED IN $ / TON","TOTAL","NOT SPECIFIED","330",""
"SURVEY","2018","MAY","","STATE","ALASKA","02","","","","","","","00000000","","HAY","HAY, ALFALFA - PRICE RECEIVED, MEASURED IN $ / TON","TOTAL","NOT SPECIFIED"," (S)",""
"SURVEY","2018","JUN","","STATE","ALASKA","02","","","","","","","00000000","","CORN","CORN, GRAIN - PRICE RECEIVED, MEASURED IN $ / BU","TOTAL","NOT SPECIFIED"," (S)",""
"SURVEY","2018","JUN","","STATE","ALASKA","02","","","","","","","00000000","","HAY","HAY - PRICE RECEIVED, MEASURED IN $ / TON","TOTAL","NOT SPECIFIED","340",""
"SURVEY","2018","JUN","","STATE","ALASKA","02","","","","","","","00000000","","HAY","HAY, (EXCL ALFALFA) - PRICE RECEIVED, MEASURED IN $ / TON","TOTAL","NOT SPECIFIED","340",""
"SURVEY","2018","JUN","","STATE","ALASKA","02","","","","","","","00000000","","HAY","HAY, ALFALFA - PRICE RECEIVED, MEASURED IN $ / TON","TOTAL","NOT SPECIFIED"," (S)",""
"SURVEY","2018","JUL","","STATE","ALASKA","02","","","","","","","00000000","","CORN","CORN, GRAIN - PRICE RECEIVED, MEASURED IN $ / BU","TOTAL","NOT SPECIFIED"," (S)",""
"SURVEY","2018","JUL","","STATE","ALASKA","02","","","","","","","00000000","","HAY","HAY - PRICE RECEIVED, MEASURED IN $ / TON","TOTAL","NOT SPECIFIED","350",""
"SURVEY","2018","JUL","","STATE","ALASKA","02","","","","","","","00000000","","HAY","HAY, (EXCL ALFALFA) - PRICE RECEIVED, MEASURED IN $ / TON","TOTAL","NOT SPECIFIED","350",""
"SURVEY","2018","JUL","","STATE","ALASKA","02","","","","","","","00000000","","HAY","HAY, ALFALFA - PRICE RECEIVED, MEASURED IN $ / TON","TOTAL","NOT SPECIFIED"," (S)",""
"SURVEY","2018","AUG","","STATE","ALASKA","02","","","","","","","00000000","","CORN","CORN, GRAIN - PRICE RECEIVED, MEASURED IN $ / BU","TOTAL","NOT SPECIFIED"," (S)",""
"SURVEY","2018","AUG","","STATE","ALASKA","02","","","","","","","00000000","","HAY","HAY - PRICE RECEIVED, MEASURED IN $ / TON","TOTAL","NOT SPECIFIED","360",""
"SURVEY","2018","AUG","","STATE","ALASKA","02","","","","","","","00000000","","HAY","HAY, (EXCL ALFALFA) - PRICE RECEIVED, MEASURED IN $ / TON","TOTAL","NOT SPECIFIED","360",""
"SURVEY","2018","AUG","","STATE","ALASKA","02","","","","","","","00000000","","HAY","HAY, ALFALFA - PRICE RECEIVED, MEASURED IN $ / TON","TOTAL","NOT SPECIFIED"," (S)",""
"SURVEY","2018","SEP","","STATE","ALASKA","02","","","","","","","00000000","","CORN","CORN, GRAIN - PRICE RECEIVED, MEASURED IN $ / BU","TOTAL","NOT SPECIFIED"," (S)",""
"SURVEY","2018","SEP","","STATE","ALASKA","02","","","","","","","00000000","","HAY","HAY - PRICE RECEIVED, MEASURED IN $ / TON","TOTAL","NOT SPECIFIED","350",""
"SURVEY","2018","SEP","","STATE","ALASKA","02","","","","","","","00000000","","HAY","HAY, (EXCL ALFALFA) - PRICE RECEIVED, MEASURED IN $ / TON","TOTAL","NOT SPECIFIED"," (S)",""
"SURVEY","2018","SEP","","STATE","ALASKA","02","","","","","","","00000000","","HAY","HAY, ALFALFA - PRICE RECEIVED, MEASURED IN $ / TON","TOTAL","NOT SPECIFIED"," (S)",""
"SURVEY","2018","OCT","","STATE","ALASKA","02","","","","","","","00000000","","CORN","CORN, GRAIN - PRICE RECEIVED, MEASURED IN $ / BU","TOTAL","NOT SPECIFIED"," (S)",""
"SURVEY","2018","OCT","","STATE","ALASKA","02","","","","","","","00000000","","HAY","HAY - PRICE RECEIVED, MEASURED IN $ / TON","TOTAL","NOT SPECIFIED","360",""
"SURVEY","2018","OCT","","STATE","ALASKA","02","","","","","","","00000000","","HAY","HAY, (EXCL ALFALFA) - PRICE RECEIVED, MEASURED IN $ / TON","TOTAL","NOT SPECIFIED"," (S)",""
"SURVEY","2018","OCT","","STATE","ALASKA","02","","","","","","","00000000","","HAY","HAY, ALFALFA - PRICE RECEIVED, MEASURED IN $ / TON","TOTAL","NOT SPECIFIED"," (S)",""
"SURVEY","2018","NOV","","STATE","ALASKA","02","","","","","","","00000000","","CORN","CORN, GRAIN - PRICE RECEIVED, MEASURED IN $ / BU","TOTAL","NOT SPECIFIED"," (S)",""
"SURVEY","2018","NOV","","STATE","ALASKA","02","","","","","","","00000000","","HAY","HAY - PRICE RECEIVED, MEASURED IN $ / TON","TOTAL","NOT SPECIFIED","360",""
"SURVEY","2018","NOV","","STATE","ALASKA","02","","","","","","","00000000","","HAY","HAY, (EXCL ALFALFA) - PRICE RECEIVED, MEASURED IN $ / TON","TOTAL","NOT SPECIFIED"," (S)",""
"SURVEY","2018","NOV","","STATE","ALASKA","02","","","","","","","00000000","","HAY","HAY, ALFALFA - PRICE RECEIVED, MEASURED IN $ / TON","TOTAL","NOT SPECIFIED"," (S)",""
"SURVEY","2018","DEC","","STATE","ALASKA","02","","","","","","","00000000","","CORN","CORN, GRAIN - PRICE RECEIVED, MEASURED IN $ / BU","TOTAL","NOT SPECIFIED"," (S)",""
"SURVEY","2018","DEC","","STATE","ALASKA","02","","","","","","","00000000","","HAY","HAY - PRICE RECEIVED, MEASURED IN $ / TON","TOTAL","NOT SPECIFIED","360",""
"SURVEY","2018","DEC","","STATE","ALASKA","02","","","","","","","00000000","","HAY","HAY, (EXCL ALFALFA) - PRICE RECEIVED, MEASURED IN $ / TON","TOTAL","NOT SPECIFIED"," (S)",""
"SURVEY","2018","DEC","","STATE","ALASKA","02","","","","","","","00000000","","HAY","HAY, ALFALFA - PRICE RECEIVED, MEASURED IN $ / TON","TOTAL","NOT SPECIFIED"," (S)",""
"SURVEY","2017","MARKETING YEAR","","STATE","ALASKA","02","","","","","","","00000000","","BARLEY","BARLEY - PRICE RECEIVED, MEASURED IN $ / BU","TOTAL","NOT SPECIFIED","5.25",""
"SURVEY","2017","MARKETING YEAR","","STATE","ALASKA","02","","","","","","","00000000","","CORN","CORN, GRAIN - PRICE RECEIVED, MEASURED IN $ / BU","TOTAL","NOT SPECIFIED"," (NA)",""
"SURVEY","2017","MARKETING YEAR","","STATE","ALASKA","02","","","","","","","00000000","","HAY","HAY - PRICE RECEIVED, MEASURED IN $ / TON","TOTAL","NOT SPECIFIED","360",""
"SURVEY","2017","MARKETING YEAR","","STATE","ALASKA","02","","","","","","","00000000","","HAY","HAY, (EXCL ALFALFA) - PRICE RECEIVED, MEASURED IN $ / TON","TOTAL","NOT SPECIFIED","360",""
"SURVEY","2017","MARKETING YEAR","","STATE","ALASKA","02","","","","","","","00000000","","HAY","HAY, ALFALFA - PRICE RECEIVED, MEASURED IN $ / TON","TOTAL","NOT SPECIFIED"," (NA)",""
"SURVEY","2017","MARKETING YEAR","","STATE","ALASKA","02","","","","","","","00000000","","OATS","OATS - PRICE RECEIVED, MEASURED IN $ / BU","TOTAL","NOT SPECIFIED","3.65",""
"SURVEY","2017","YEAR","","STATE","ALASKA","02","","","","","","","00000000","","BARLEY","BARLEY - ACRES HARVESTED","TOTAL","NOT SPECIFIED","5,200",""
"SURVEY","2017","YEAR","","STATE","ALASKA","02","","","","","","","00000000","","BARLEY","BARLEY - ACRES PLANTED","TOTAL","NOT SPECIFIED","5,500",""
"SURVEY","2017","YEAR","","STATE","ALASKA","02","","","","","","","00000000","","BARLEY","BARLEY - PRODUCTION, MEASURED IN $","TOTAL","NOT SPECIFIED","1,255,000",""
"SURVEY","2017","YEAR","","STATE","ALASKA","02","","","","","","","00000000","","BARLEY","BARLEY - PRODUCTION, MEASURED IN BU","TOTAL","NOT SPECIFIED","239,000",""
"SURVEY","2017","YEAR","","STATE","ALASKA","02","","","","","","","00000000","","BARLEY","BARLEY - YIELD, MEASURED IN BU / ACRE","TOTAL","NOT SPECIFIED","46",""
"SURVEY","2017","YEAR","","STATE","ALASKA","02","","","","","","","00000000","","HAY","HAY - ACRES HARVESTED","TOTAL","NOT SPECIFIED","21,000",""
"SURVEY","2017","YEAR","","STATE","ALASKA","02","","","","","","","00000000","","HAY","HAY - PRODUCTION, MEASURED IN $","TOTAL","NOT SPECIFIED"," (X)",""
"SURVEY","2017","YEAR","","STATE","ALASKA","02","","","","","","","00000000","","HAY","HAY - PRODUCTION, MEASURED IN TONS","TOTAL","NOT SPECIFIED","25,000",""
"SURVEY","2017","YEAR","","STATE","ALASKA","02","","","","","","","00000000","","HAY","HAY - YIELD, MEASURED IN TONS / ACRE","TOTAL","NOT SPECIFIED","1.2",""
"SURVEY","2017","YEAR","","STATE","ALASKA","02","","","","","","","00000000","","HAY","HAY, (EXCL ALFALFA) - ACRES HARVESTED","TOTAL","NOT SPECIFIED","21,000",""
"SURVEY","2017","YEAR","","STATE","ALASKA","02","","","","","","","00000000","","HAY","HAY, (EXCL ALFALFA) - PRODUCTION, MEASURED IN TONS","TOTAL","NOT SPECIFIED","25,000",""
"SURVEY","2017","YEAR","","STATE","ALASKA","02","","","","","","","00000000","","HAY","HAY, (EXCL ALFALFA) - YIELD, MEASURED IN TONS / ACRE","TOTAL","NOT SPECIFIED","1.2",""
"SURVEY","2017","YEAR","","STATE","ALASKA","02","","","","","","","00000000","","HAY & HAYLAGE","HAY & HAYLAGE - PRODUCTION, MEASURED IN $","TOTAL","NOT SPECIFIED"," (X)",""
"SURVEY","2017","YEAR","","STATE","ALASKA","02","","","","","","","00000000","","HAY & HAYLAGE","HAY & HAYLAGE, (EXCL ALFALFA) - PRODUCTION, MEASURED IN $","TOTAL","NOT SPECIFIED"," (X)",""
"SURVEY","2017","YEAR","","STATE","ALASKA","02","","","","","","","00000000","","HAY & HAYLAGE","HAY & HAYLAGE, ALFALFA - PRODUCTION, MEASURED IN $","TOTAL","NOT SPECIFIED"," (X)",""
"SURVEY","2017","YEAR","","STATE","ALASKA","02","","","","","","","00000000","","OATS","OATS - ACRES HARVESTED","TOTAL","NOT SPECIFIED","900",""
"SURVEY","2017","YEAR","","STATE","ALASKA","02","","","","","","","00000000","","OATS","OATS - ACRES PLANTED","TOTAL","NOT SPECIFIED","1,700",""
"SURVEY","2017","YEAR","","STATE","ALASKA","02","","","","","","","00000000","","OATS","OATS - PRODUCTION, MEASURED IN $","TOTAL","NOT SPECIFIED","241,000",""
"SURVEY","2017","YEAR","","STATE","ALASKA","02","","","","","","","00000000","","OATS","OATS - PRODUCTION, MEASURED IN BU","TOTAL","NOT SPECIFIED","66,000",""
"SURVEY","2017","YEAR","","STATE","ALASKA","02","","","","","","","00000000","","OATS","OATS - YIELD, MEASURED IN BU / ACRE","TOTAL","NOT SPECIFIED","73",""
"SURVEY","2017","YEAR - JUN ACREAGE","","STATE","ALASKA","02","","","","","","","00000000","","BARLEY","BARLEY - ACRES HARVESTED","TOTAL","NOT SPECIFIED","5,000",""
"SURVEY","2017","YEAR - JUN ACREAGE","","STATE","ALASKA","02","","","","","","","00000000","","HAY","HAY - ACRES HARVESTED","TOTAL","NOT SPECIFIED","18,000",""
"SURVEY","2017","YEAR - JUN ACREAGE","","STATE","ALASKA","02","","","","","","","00000000","","OATS","OATS - ACRES HARVESTED","TOTAL","NOT SPECIFIED","800",""
"SURVEY","2017","JAN","","STATE","ALASKA","02","","","","","","","00000000","","HAY","HAY - PRICE RECEIVED, MEASURED IN $ / TON","TOTAL","NOT SPECIFIED"," (NA)",""
"SURVEY","2017","JAN","","STATE","ALASKA","02","","","","","","","00000000","","HAY","HAY, (EXCL ALFALFA) - PRICE RECEIVED, MEASURED IN $ / TON","TOTAL","NOT SPECIFIED"," (NA)",""
"SURVEY","2017","JAN","","STATE","ALASKA","02","","","","","","","00000000","","HAY","HAY, ALFALFA - PRICE RECEIVED, MEASURED IN $ / TON","TOTAL","NOT SPECIFIED"," (NA)",""
"SURVEY","2017","FEB","","STATE","ALASKA","02","","","","","","","00000000","","CORN","CORN, GRAIN - PRICE RECEIVED, MEASURED IN $ / BU","TOTAL","NOT SPECIFIED"," (NA)",""
"SURVEY","2017","FEB","","STATE","ALASKA","02","","","","","","","00000000","","HAY","HAY - PRICE RECEIVED, MEASURED IN $ / TON","TOTAL","NOT SPECIFIED"," (NA)",""
"SURVEY","2017","FEB","","STATE","ALASKA","02","","","","","","","00000000","","HAY","HAY, (EXCL ALFALFA) - PRICE RECEIVED, MEASURED IN $ / TON","TOTAL","NOT SPECIFIED"," (NA)",""
"SURVEY","2017","FEB","","STATE","ALASKA","02","","","","","","","00000000","","HAY","HAY, ALFALFA - PRICE RECEIVED, MEASURED IN $ / TON","TOTAL","NOT SPECIFIED"," (NA)",""
"SURVEY","2017","MAR","","STATE","ALASKA","02","","","","","","","00000000","","CORN","CORN, GRAIN - PRICE RECEIVED, MEASURED IN $ / BU","TOTAL","NOT SPECIFIED"," (NA)",""
"SURVEY","2017","MAR","","STATE","ALASKA","02","","","","","","","00000000","","HAY","HAY - PRICE RECEIVED, MEASURED IN $ / TON","TOTAL","NOT SPECIFIED"," (NA)",""
"SURVEY","2017","MAR","","STATE","ALASKA","02","","","","","","","00000000","","HAY","HAY, (EXCL ALFALFA) - PRICE RECEIVED, MEASURED IN $ / TON","TOTAL","NOT SPECIFIED"," (NA)",""
"SURVEY","2017","MAR","","STATE","ALASKA","02","","","","","","","00000000","","HAY","HAY, ALFALFA - PRICE RECEIVED, MEASURED IN $ / TON","TOTAL","NOT SPECIFIED"," (NA)",""
"SURVEY","2017","APR","","STATE","ALASKA","02","","","","","","","00000000","","HAY","HAY - PRICE RECEIVED, MEASURED IN $ / TON","TOTAL","NOT SPECIFIED"," (NA)",""
"SURVEY","2017","APR","","STATE","ALASKA","02","","","","","","","00000000","","HAY","HAY, (EXCL ALFALFA) - PRICE RECEIVED, MEASURED IN $ / TON","TOTAL","NOT SPECIFIED"," (NA)",""
"SURVEY","2017","APR","","STATE","ALASKA","02","","","","","","","00000000","","HAY","HAY, ALFALFA - PRICE RECEIVED, MEASURED IN $ / TON","TOTAL","NOT SPECIFIED"," (NA)",""
"SURVEY","2017","MAY","","STATE","ALASKA","02","","","","","","","00000000","","CORN","CORN, GRAIN - PRICE RECEIVED, MEASURED IN $ / BU","TOTAL","NOT SPECIFIED"," (NA)",""
"SURVEY","2017","MAY","","STATE","ALASKA","02","","","","","","","00000000","","HAY","HAY - PRICE RECEIVED, MEASURED IN $ / TON","TOTAL","NOT SPECIFIED"," (NA)",""
"SURVEY","2017","MAY","","STATE","ALASKA","02","","","","","","","00000000","","HAY","HAY, (EXCL ALFALFA) - PRICE RECEIVED, MEASURED IN $ / TON","TOTAL","NOT SPECIFIED"," (NA)",""
"SURVEY","2017","MAY","","STATE","ALASKA","02","","","","","","","00000000","","HAY","HAY, ALFALFA - PRICE RECEIVED, MEASURED IN $ / TON","TOTAL","NOT SPECIFIED"," (NA)",""
"SURVEY","2017","JUN","","STATE","ALASKA","02","","","","","","","00000000","","CORN","CORN, GRAIN - PRICE RECEIVED, MEASURED IN $ / BU","TOTAL","NOT SPECIFIED"," (NA)",""
"SURVEY","2017","JUN","","STATE","ALASKA","02","","","","","","","00000000","","HAY","HAY - PRICE RECEIVED, MEASURED IN $ / TON","TOTAL","NOT SPECIFIED"," (NA)",""
"SURVEY","2017","JUN","","STATE","ALASKA","02","","","","","","","00000000","","HAY","HAY, (EXCL ALFALFA) - PRICE RECEIVED, MEASURED IN $ / TON","TOTAL","NOT SPECIFIED"," (NA)",""
"SURVEY","2017","JUN","","STATE","ALASKA","02","","","","","","","00000000","","HAY","HAY, ALFALFA - PRICE RECEIVED, MEASURED IN $ / TON","TOTAL","NOT SPECIFIED"," (NA)",""
"SURVEY","2017","JUL","","STATE","ALASKA","02","","","","","","","00000000","","CORN","CORN, GRAIN - PRICE RECEIVED, MEASURED IN $ / BU","TOTAL","NOT SPECIFIED"," (NA)",""
"SURVEY","2017","JUL","","STATE","ALASKA","02","","","","","","","00000000","","HAY","HAY - PRICE RECEIVED, MEASURED IN $ / TON","TOTAL","NOT SPECIFIED"," (NA)",""
"SURVEY","2017","JUL","","STATE","ALASKA","02","","","","","","","00000000","","HAY","HAY, (EXCL ALFALFA) - PRICE RECEIVED, MEASURED IN $ / TON","TOTAL","NOT SPECIFIED"," (NA)",""
"SURVEY","2017","JUL","","STATE","ALASKA","02","","","","","","","00000000","","HAY","HAY, ALFALFA - PRICE RECEIVED, MEASURED IN $ / TON","TOTAL","NOT SPECIFIED"," (NA)",""
"SURVEY","2017","AUG","","STATE","ALASKA","02","","","","","","","00000000","","CORN","CORN, GRAIN - PRICE RECEIVED, MEASURED IN $ / BU","TOTAL","NOT SPECIFIED"," (NA)",""
"SURVEY","2017","AUG","","STATE","ALASKA","02","","","","","","","00000000","","HAY","HAY - PRICE RECEIVED, MEASURED IN $ / TON","TOTAL","NOT SPECIFIED"," (NA)",""
"SURVEY","2017","AUG","","STATE","ALASKA","02","","","","","","","00000000","","HAY","HAY, (EXCL ALFALFA) - PRICE RECEIVED, MEASURED IN $ / TON","TOTAL","NOT SPECIFIED"," (NA)",""
"SURVEY","2017","AUG","","STATE","ALASKA","02","","","","","","","00000000","","HAY","HAY, ALFALFA - PRICE RECEIVED, MEASURED IN $ / TON","TOTAL","NOT SPECIFIED"," (NA)",""
"SURVEY","2017","SEP","","STATE","ALASKA","02","","","","","","","00000000","","CORN","CORN, GRAIN - PRICE RECEIVED, MEASURED IN $ / BU","TOTAL","NOT SPECIFIED"," (S)",""
"SURVEY","2017","SEP","","STATE","ALASKA","02","","","","","","","00000000","","HAY","HAY - PRICE RECEIVED, MEASURED IN $ / TON","TOTAL","NOT SPECIFIED","370",""
"SURVEY","2017","SEP","","STATE","ALASKA","02","","","","","","","00000000","","HAY","HAY, (EXCL ALFALFA) - PRICE RECEIVED, MEASURED IN $ / TON","TOTAL","NOT SPECIFIED"," (S)",""
"SURVEY","2017","SEP","","STATE","ALASKA","02","","","","","","","00000000","","HAY","HAY, ALFALFA - PRICE RECEIVED, MEASURED IN $ / TON","TOTAL","NOT SPECIFIED"," (S)",""
"SURVEY","2017","OCT","","STATE","ALASKA","02","","","","","","","00000000","","CORN","CORN, GRAIN - PRICE RECEIVED, MEASURED IN $ / BU","TOTAL","NOT SPECIFIED"," (S)",""
"SURVEY","2017","OCT","","STATE","ALASKA","02","","","","","","","00000000","","HAY","HAY - PRICE RECEIVED, MEASURED IN $ / TON","TOTAL","NOT SPECIFIED","350",""
"SURVEY","2017","OCT","","STATE","ALASKA","02","","","","","","","00000000","","HAY","HAY, (EXCL ALFALFA) - PRICE RECEIVED, MEASURED IN $ / TON","TOTAL","NOT SPECIFIED"," (S)",""
"SURVEY","2017","OCT","","STATE","ALASKA","02","","","","","","","00000000","","HAY","HAY, ALFALFA - PRICE RECEIVED, MEASURED IN $ / TON","TOTAL","NOT SPECIFIED"," (S)",""
"SURVEY","2017","NOV","","STATE","ALASKA","02","","","","","","","00000000","","CORN","CORN, GRAIN - PRICE RECEIVED, MEASURED IN $ / BU","TOTAL","NOT SPECIFIED"," (S)",""
"SURVEY","2017","NOV","","STATE","ALASKA","02","","","","","","","00000000","","HAY","HAY - PRICE RECEIVED, MEASURED IN $ / TON","TOTAL","NOT SPECIFIED","350",""
"SURVEY","2017","NOV","","STATE","ALASKA","02","","","","","","","00000000","","HAY","HAY, (EXCL ALFALFA) - PRICE RECEIVED, MEASURED IN $ / TON","TOTAL","NOT SPECIFIED"," (S)",""
"SURVEY","2017","NOV","","STATE","ALASKA","02","","","","","","","00000000","","HAY","HAY, ALFALFA - PRICE RECEIVED, MEASURED IN $ / TON","TOTAL","NOT SPECIFIED"," (S)",""
"SURVEY","2017","DEC","","STATE","ALASKA","02","","","","","","","00000000","","CORN","CORN, GRAIN - PRICE RECEIVED, MEASURED IN $ / BU","TOTAL","NOT SPECIFIED"," (S)",""
"SURVEY","2017","DEC","","STATE","ALASKA","02","","","","","","","00000000","","HAY","HAY - PRICE RECEIVED, MEASURED IN $ / TON","TOTAL","NOT SPECIFIED","350",""
"SURVEY","2017","DEC","","STATE","ALASKA","02","","","","","","","00000000","","HAY","HAY, (EXCL ALFALFA) - PRICE RECEIVED, MEASURED IN $ / TON","TOTAL","NOT SPECIFIED"," (S)",""
"SURVEY","2017","DEC","","STATE","ALASKA","02","","","","","","","00000000","","HAY","HAY, ALFALFA - PRICE RECEIVED, MEASURED IN $ / TON","TOTAL","NOT SPECIFIED"," (S)",""
"SURVEY","2016","MARKETING YEAR","","STATE","ALASKA","02","","","","","","","00000000","","BARLEY","BARLEY - PRICE RECEIVED, MEASURED IN $ / BU","TOTAL","NOT SPECIFIED","5.25",""
"SURVEY","2016","MARKETING YEAR","","STATE","ALASKA","02","","","","","","","00000000","","HAY","HAY - PRICE RECEIVED, MEASURED IN $ / TON","TOTAL","NOT SPECIFIED","340",""
"SURVEY","2016","MARKETING YEAR","","STATE","ALASKA","02","","","","","","","00000000","","HAY","HAY, (EXCL ALFALFA) - PRICE RECEIVED, MEASURED IN $ / TON","TOTAL","NOT SPECIFIED","340",""
"SURVEY","2016","MARKETING YEAR","","STATE","ALASKA","02","","","","","","","00000000","","OATS","OATS - PRICE RECEIVED, MEASURED IN $ / BU","TOTAL","NOT SPECIFIED","3.7",""
"SURVEY","2016","YEAR","","STATE","ALASKA","02","","","","","","","00000000","","BARLEY","BARLEY - ACRES HARVESTED","TOTAL","NOT SPECIFIED","4,700",""
"SURVEY","2016","YEAR","","STATE","ALASKA","02","","","","","","","00000000","","BARLEY","BARLEY - ACRES PLANTED","TOTAL","NOT SPECIFIED","5,000",""
"SURVEY","2016","YEAR","","STATE","ALASKA","02","","","","","","","00000000","","BARLEY","BARLEY - PRODUCTION, MEASURED IN $","TOTAL","NOT SPECIFIED","1,208,000",""
"SURVEY","2016","YEAR","","STATE","ALASKA","02","","","","","","","00000000","","BARLEY","BARLEY - PRODUCTION, MEASURED IN BU","TOTAL","NOT SPECIFIED","230,000",""
"SURVEY","2016","YEAR","","STATE","ALASKA","02","","","","","","","00000000","","BARLEY","BARLEY - YIELD, MEASURED IN BU / ACRE","TOTAL","NOT SPECIFIED","49",""
"SURVEY","2016","YEAR","","STATE","ALASKA","02","","","","","","","00000000","","HAY","HAY - ACRES HARVESTED","TOTAL","NOT SPECIFIED","22,000",""
"SURVEY","2016","YEAR","","STATE","ALASKA","02","","","","","","","00000000","","HAY","HAY - PRODUCTION, MEASURED IN $","TOTAL","NOT SPECIFIED","10,200,000",""
"SURVEY","2016","YEAR","","STATE","ALASKA","02","","","","","","","00000000","","HAY","HAY - PRODUCTION, MEASURED IN TONS","TOTAL","NOT SPECIFIED","30,000",""
"SURVEY","2016","YEAR","","STATE","ALASKA","02","","","","","","","00000000","","HAY","HAY - YIELD, MEASURED IN TONS / ACRE","TOTAL","NOT SPECIFIED","1.35",""
"SURVEY","2016","YEAR","","STATE","ALASKA","02","","","","","","","00000000","","HAY","HAY, (EXCL ALFALFA) - ACRES HARVESTED","TOTAL","NOT SPECIFIED","22,000",""
"SURVEY","2016","YEAR","","STATE","ALASKA","02","","","","","","","00000000","","HAY","HAY, (EXCL ALFALFA) - PRODUCTION, MEASURED IN TONS","TOTAL","NOT SPECIFIED","30,000",""
"SURVEY","2016","YEAR","","STATE","ALASKA","02","","","","","","","00000000","","HAY","HAY, (EXCL ALFALFA) - YIELD, MEASURED IN TONS / ACRE","TOTAL","NOT SPECIFIED","1.35",""
"SURVEY","2016","YEAR","","STATE","ALASKA","02","","","","","","","00000000","","OATS","OATS - ACRES HARVESTED","TOTAL","NOT SPECIFIED","1,200",""
"SURVEY","2016","YEAR","","STATE","ALASKA","02","","","","","","","00000000","","OATS","OATS - ACRES PLANTED","TOTAL","NOT SPECIFIED","2,000",""
"SURVEY","2016","YEAR","","STATE","ALASKA","02","","","","","","","00000000","","OATS","OATS - PRODUCTION, MEASURED IN $","TOTAL","NOT SPECIFIED","274,000",""
"SURVEY","2016","YEAR","","STATE","ALASKA","02","","","","","","","00000000","","OATS","OATS - PRODUCTION, MEASURED IN BU","TOTAL","NOT SPECIFIED","74,000",""
"SURVEY","2016","YEAR","","STATE","ALASKA","02","","","","","","","00000000","","OATS","OATS - YIELD, MEASURED IN BU / ACRE","TOTAL","NOT SPECIFIED","62",""
"SURVEY","2016","YEAR - JUN ACREAGE","","STATE","ALASKA","02","","","","","","","00000000","","BARLEY","BARLEY - ACRES HARVESTED","TOTAL","NOT SPECIFIED","4,600",""
"SURVEY","2016","YEAR - JUN ACREAGE","","STATE","ALASKA","02","","","","","","","00000000","","HAY","HAY - ACRES HARVESTED","TOTAL","NOT SPECIFIED","18,000",""
"SURVEY","2016","YEAR - JUN ACREAGE","","STATE","ALASKA","02","","","","","","","00000000","","OATS","OATS - ACRES HARVESTED","TOTAL","NOT SPECIFIED","1,000",""
"SURVEY","2016","SEP","","STATE","ALASKA","02","","","","","","","00000000","","CORN","CORN, GRAIN - PRICE RECEIVED, MEASURED IN $ / BU","TOTAL","NOT SPECIFIED"," (NA)",""
"SURVEY","2016","SEP","","STATE","ALASKA","02","","","","","","","00000000","","HAY","HAY - PRICE RECEIVED, MEASURED IN $ / TON","TOTAL","NOT SPECIFIED"," (NA)",""
"SURVEY","2016","SEP","","STATE","ALASKA","02","","","","","","","00000000","","HAY","HAY, (EXCL ALFALFA) - PRICE RECEIVED, MEASURED IN $ / TON","TOTAL","NOT SPECIFIED"," (NA)",""
"SURVEY","2016","SEP","","STATE","ALASKA","02","","","","","","","00000000","","HAY","HAY, ALFALFA - PRICE RECEIVED, MEASURED IN $ / TON","TOTAL","NOT SPECIFIED"," (NA)",""
"SURVEY","2016","OCT","","STATE","ALASKA","02","","","","","","","00000000","","HAY","HAY - PRICE RECEIVED, MEASURED IN $ / TON","TOTAL","NOT SPECIFIED"," (NA)",""
"SURVEY","2016","OCT","","STATE","ALASKA","02","","","","","","","00000000","","HAY","HAY, (EXCL ALFALFA) - PRICE RECEIVED, MEASURED IN $ / TON","TOTAL","NOT SPECIFIED"," (NA)",""
"SURVEY","2016","OCT","","STATE","ALASKA","02","","","","","","","00000000","","HAY","HAY, ALFALFA - PRICE RECEIVED, MEASURED IN $ / TON","TOTAL","NOT SPECIFIED"," (NA)",""
"SURVEY","2016","NOV","","STATE","ALASKA","02","","","","","","","00000000","","HAY","HAY - PRICE RECEIVED, MEASURED IN $ / TON","TOTAL","NOT SPECIFIED"," (NA)",""
"SURVEY","2016","NOV","","STATE","ALASKA","02","","","","","","","00000000","","HAY","HAY, (EXCL ALFALFA) - PRICE RECEIVED, MEASURED IN $ / TON","TOTAL","NOT SPECIFIED"," (NA)",""
"SURVEY","2016","DEC","","STATE","ALASKA","02","","","","","","","00000000","","HAY","HAY - PRICE RECEIVED, MEASURED IN $ / TON","TOTAL","NOT SPECIFIED"," (NA)",""
"SURVEY","2016","DEC","","STATE","ALASKA","02","","","","","","","00000000","","HAY","HAY, (EXCL ALFALFA) - PRICE RECEIVED, MEASURED IN $ / TON","TOTAL","NOT SPECIFIED"," (NA)",""
"SURVEY","2015","MARKETING YEAR","","STATE","ALASKA","02","","","","","","","00000000","","BARLEY","BARLEY - PRICE RECEIVED, MEASURED IN $ / BU","TOTAL","NOT SPECIFIED","5.45",""
"SURVEY","2015","MARKETING YEAR","","STATE","ALASKA","02","","","","","","","00000000","","HAY","HAY - PRICE RECEIVED, MEASURED IN $ / TON","TOTAL","NOT SPECIFIED","370",""
"SURVEY","2015","MARKETING YEAR","","STATE","ALASKA","02","","","","","","","00000000","","HAY","HAY, (EXCL ALFALFA) - PRICE RECEIVED, MEASURED IN $ / TON","TOTAL","NOT SPECIFIED","370",""
"SURVEY","2015","MARKETING YEAR","","STATE","ALASKA","02","","","","","","","00000000","","OATS","OATS - PRICE RECEIVED, MEASURED IN $ / BU","TOTAL","NOT SPECIFIED","3.8",""
"SURVEY","2015","YEAR","","STATE","ALASKA","02","","","","","","","00000000","","BARLEY","BARLEY - ACRES HARVESTED","TOTAL","NOT SPECIFIED","4,300",""
"SURVEY","2015","YEAR","","STATE","ALASKA","02","","","","","","","00000000","","BARLEY","BARLEY - ACRES PLANTED","TOTAL","NOT SPECIFIED","4,600",""
"SURVEY","2015","YEAR","","STATE","ALASKA","02","","","","","","","00000000","","BARLEY","BARLEY - PRODUCTION, MEASURED IN $","TOTAL","NOT SPECIFIED","796,000",""
"SURVEY","2015","YEAR","","STATE","ALASKA","02","","","","","","","00000000","","BARLEY","BARLEY - PRODUCTION, MEASURED IN BU","TOTAL","NOT SPECIFIED","146,000",""
"SURVEY","2015","YEAR","","STATE","ALASKA","02","","","","","","","00000000","","BARLEY","BARLEY - YIELD, MEASURED IN BU / ACRE","TOTAL","NOT SPECIFIED","34",""
"SURVEY","2015","YEAR","","STATE","ALASKA","02","","","","","","","00000000","","HAY","HAY - ACRES HARVESTED","TOTAL","NOT SPECIFIED","18,000",""
"SURVEY","2015","YEAR","","STATE","ALASKA","02","","","","","","","00000000","","HAY","HAY - PRODUCTION, MEASURED IN $","TOTAL","NOT SPECIFIED","7,400,000",""
"SURVEY","2015","YEAR","","STATE","ALASKA","02","","","","","","","00000000","","HAY","HAY - PRODUCTION, MEASURED IN TONS","TOTAL","NOT SPECIFIED","20,000",""
"SURVEY","2015","YEAR","","STATE","ALASKA","02","","","","","","","00000000","","HAY","HAY - YIELD, MEASURED IN TONS / ACRE","TOTAL","NOT SPECIFIED","1.1",""
"SURVEY","2015","YEAR","","STATE","ALASKA","02","","","","","","","00000000","","HAY","HAY, (EXCL ALFALFA) - ACRES HARVESTED","TOTAL","NOT SPECIFIED","18,000",""
"SURVEY","2015","YEAR","","STATE","ALASKA","02","","","","","","","00000000","","HAY","HAY, (EXCL ALFALFA) - PRODUCTION, MEASURED IN TONS","TOTAL","NOT SPECIFIED","20,000",""
"SURVEY","2015","YEAR","","STATE","ALASKA","02","","","","","","","00000000","","HAY","HAY, (EXCL ALFALFA) - YIELD, MEASURED IN TONS / ACRE","TOTAL","NOT SPECIFIED","1.1",""
"SURVEY","2015","YEAR","","STATE","ALASKA","02","","","","","","","00000000","","OATS","OATS - ACRES HARVESTED","TOTAL","NOT SPECIFIED","1,000",""
"SURVEY","2015","YEAR","","STATE","ALASKA","02","","","","","","","00000000","","OATS","OATS - ACRES PLANTED","TOTAL","NOT SPECIFIED","1,800",""
"SURVEY","2015","YEAR","","STATE","ALASKA","02","","","","","","","00000000","","OATS","OATS - PRODUCTION, MEASURED IN $","TOTAL","NOT SPECIFIED","179,000",""
"SURVEY","2015","YEAR","","STATE","ALASKA","02","","","","","","","00000000","","OATS","OATS - PRODUCTION, MEASURED IN BU","TOTAL","NOT SPECIFIED","47,000",""
"SURVEY","2015","YEAR","","STATE","ALASKA","02","","","","","","","00000000","","OATS","OATS - YIELD, MEASURED IN BU / ACRE","TOTAL","NOT SPECIFIED","47",""
"SURVEY","2015","YEAR - JUN ACREAGE","","STATE","ALASKA","02","","","","","","","00000000","","HAY","HAY - ACRES HARVESTED","TOTAL","NOT SPECIFIED","24,000",""
"SURVEY","2015","YEAR - JUN ACREAGE","","STATE","ALASKA","02","","","","","","","00000000","","OATS","OATS - ACRES HARVESTED","TOTAL","NOT SPECIFIED","1,000",""
"SURVEY","2014","MARKETING YEAR","","STATE","ALASKA","02","","","","","","","00000000","","BARLEY","BARLEY - PRICE RECEIVED, MEASURED IN $ / BU","TOTAL","NOT SPECIFIED","5.45",""
"SURVEY","2014","MARKETING YEAR","","STATE","ALASKA","02","","","","","","","00000000","","HAY","HAY - PRICE RECEIVED, MEASURED IN $ / TON","TOTAL","NOT SPECIFIED","385",""
"SURVEY","2014","MARKETING YEAR","","STATE","ALASKA","02","","","","","","","00000000","","HAY","HAY, (EXCL ALFALFA) - PRICE RECEIVED, MEASURED IN $ / TON","TOTAL","NOT SPECIFIED","385",""
"SURVEY","2014","MARKETING YEAR","","STATE","ALASKA","02","","","","","","","00000000","","OATS","OATS - PRICE RECEIVED, MEASURED IN $ / BU","TOTAL","NOT SPECIFIED","3.7",""
"SURVEY","2014","YEAR","","STATE","ALASKA","02","","","","","","","00000000","","BARLEY","BARLEY - ACRES HARVESTED","TOTAL","NOT SPECIFIED","5,100",""
"SURVEY","2014","YEAR","","STATE","ALASKA","02","","","","","","","00000000","","BARLEY","BARLEY - ACRES PLANTED","TOTAL","NOT SPECIFIED","5,400",""
"SURVEY","2014","YEAR","","STATE","ALASKA","02","","","","","","","00000000","","BARLEY","BARLEY - PRODUCTION, MEASURED IN $","TOTAL","NOT SPECIFIED","1,183,000",""
"SURVEY","2014","YEAR","","STATE","ALASKA","02","","","","","","","00000000","","BARLEY","BARLEY - PRODUCTION, MEASURED IN BU","TOTAL","NOT SPECIFIED","217,000",""
"SURVEY","2014","YEAR","","STATE","ALASKA","02","","","","","","","00000000","","BARLEY","BARLEY - YIELD, MEASURED IN BU / ACRE","TOTAL","NOT SPECIFIED","42.5",""
"SURVEY","2014","YEAR","","STATE","ALASKA","02","","","","","","","00000000","","HAY","HAY - ACRES HARVESTED","TOTAL","NOT SPECIFIED","18,000",""
"SURVEY","2014","YEAR","","STATE","ALASKA","02","","","","","","","00000000","","HAY","HAY - PRODUCTION, MEASURED IN $","TOTAL","NOT SPECIFIED","9,625,000",""
"SURVEY","2014","YEAR","","STATE","ALASKA","02","","","","","","","00000000","","HAY","HAY - PRODUCTION, MEASURED IN TONS","TOTAL","NOT SPECIFIED","25,000",""
"SURVEY","2014","YEAR","","STATE","ALASKA","02","","","","","","","00000000","","HAY","HAY - YIELD, MEASURED IN TONS / ACRE","TOTAL","NOT SPECIFIED","1.39",""
"SURVEY","2014","YEAR","","STATE","ALASKA","02","","","","","","","00000000","","HAY","HAY, (EXCL ALFALFA) - ACRES HARVESTED","TOTAL","NOT SPECIFIED","18,000",""
"SURVEY","2014","YEAR","","STATE","ALASKA","02","","","","","","","00000000","","HAY","HAY, (EXCL ALFALFA) - PRODUCTION, MEASURED IN TONS","TOTAL","NOT SPECIFIED","25,000",""
"SURVEY","2014","YEAR","","STATE","ALASKA","02","","","","","","","00000000","","HAY","HAY, (EXCL ALFALFA) - YIELD, MEASURED IN TONS / ACRE","TOTAL","NOT SPECIFIED","1.39",""
"SURVEY","2014","YEAR","","STATE","ALASKA","02","","","","","","","00000000","","OATS","OATS - ACRES HARVESTED","TOTAL","NOT SPECIFIED","1,000",""
"SURVEY","2014","YEAR","","STATE","ALASKA","02","","","","","","","00000000","","OATS","OATS - ACRES PLANTED","TOTAL","NOT SPECIFIED","2,200",""
"SURVEY","2014","YEAR","","STATE","ALASKA","02","","","","","","","00000000","","OATS","OATS - PRODUCTION, MEASURED IN $","TOTAL","NOT SPECIFIED","211,000",""
"SURVEY","2014","YEAR","","STATE","ALASKA","02","","","","","","","00000000","","OATS","OATS - PRODUCTION, MEASURED IN BU","TOTAL","NOT SPECIFIED","57,000",""
"SURVEY","2014","YEAR","","STATE","ALASKA","02","","","","","","","00000000","","OATS","OATS - YIELD, MEASURED IN BU / ACRE","TOTAL","NOT SPECIFIED","57",""
"SURVEY","2014","YEAR - JUN ACREAGE","","STATE","ALASKA","02","","","","","","","00000000","","BARLEY","BARLEY - ACRES HARVESTED","TOTAL","NOT SPECIFIED","4,400",""
"SURVEY","2014","YEAR - JUN ACREAGE","","STATE","ALASKA","02","","","","","","","00000000","","HAY","HAY - ACRES HARVESTED","TOTAL","NOT SPECIFIED","19,000",""
"SURVEY","2014","YEAR - JUN ACREAGE","","STATE","ALASKA","02","","","","","","","00000000","","OATS","OATS - ACRES HARVESTED","TOTAL","NOT SPECIFIED","1,200",""
"SURVEY","2013","MARKETING YEAR","","STATE","ALASKA","02","","","","","","","00000000","","BARLEY","BARLEY - PRICE RECEIVED, MEASURED IN $ / BU","TOTAL","NOT SPECIFIED","5.4",""
"SURVEY","2013","MARKETING YEAR","","STATE","ALASKA","02","","","","","","","00000000","","HAY","HAY - PRICE RECEIVED, MEASURED IN $ / TON","TOTAL","NOT SPECIFIED","395",""
"SURVEY","2013","MARKETING YEAR","","STATE","ALASKA","02","","","","","","","00000000","","HAY","HAY, (EXCL ALFALFA) - PRICE RECEIVED, MEASURED IN $ / TON","TOTAL","NOT SPECIFIED","395",""
"SURVEY","2013","MARKETING YEAR","","STATE","ALASKA","02","","","","","","","00000000","","OATS","OATS - PRICE RECEIVED, MEASURED IN $ / BU","TOTAL","NOT SPECIFIED","3.75",""
"SURVEY","2013","YEAR","","STATE","ALASKA","02","","","","","","","00000000","","BARLEY","BARLEY - ACRES HARVESTED","TOTAL","NOT SPECIFIED","3,300",""
"SURVEY","2013","YEAR","","STATE","ALASKA","02","","","","","","","00000000","","BARLEY","BARLEY - ACRES PLANTED","TOTAL","NOT SPECIFIED","3,600",""
"SURVEY","2013","YEAR","","STATE","ALASKA","02","","","","","","","00000000","","BARLEY","BARLEY - PRODUCTION, MEASURED IN $","TOTAL","NOT SPECIFIED","594,000",""
"SURVEY","2013","YEAR","","STATE","ALASKA","02","","","","","","","00000000","","BARLEY","BARLEY - PRODUCTION, MEASURED IN BU","TOTAL","NOT SPECIFIED","110,000",""
"SURVEY","2013","YEAR","","STATE","ALASKA","02","","","","","","","00000000","","BARLEY","BARLEY - YIELD, MEASURED IN BU / ACRE","TOTAL","NOT SPECIFIED","33.3",""
"SURVEY","2013","YEAR","","STATE","ALASKA","02","","","","","","","00000000","","HAY","HAY - ACRES HARVESTED","TOTAL","NOT SPECIFIED","20,000",""
"SURVEY","2013","YEAR","","STATE","ALASKA","02","","","","","","","00000000","","HAY","HAY - PRODUCTION, MEASURED IN $","TOTAL","NOT SPECIFIED","5,925,000",""
"SURVEY","2013","YEAR","","STATE","ALASKA","02","","","","","","","00000000","","HAY","HAY - PRODUCTION, MEASURED IN TONS","TOTAL","NOT SPECIFIED","15,000",""
"SURVEY","2013","YEAR","","STATE","ALASKA","02","","","","","","","00000000","","HAY","HAY - YIELD, MEASURED IN TONS / ACRE","TOTAL","NOT SPECIFIED","0.75",""
"SURVEY","2013","YEAR","","STATE","ALASKA","02","","","","","","","00000000","","HAY","HAY, (EXCL ALFALFA) - ACRES HARVESTED","TOTAL","NOT SPECIFIED","20,000",""
"SURVEY","2013","YEAR","","STATE","ALASKA","02","","","","","","","00000000","","HAY","HAY, (EXCL ALFALFA) - PRODUCTION, MEASURED IN TONS","TOTAL","NOT SPECIFIED","15,000",""
"SURVEY","2013","YEAR","","STATE","ALASKA","02","","","","","","","00000000","","HAY","HAY, (EXCL ALFALFA) - YIELD, MEASURED IN TONS / ACRE","TOTAL","NOT SPECIFIED","0.75",""
"SURVEY","2013","YEAR","","STATE","ALASKA","02","","","","","","","00000000","","OATS","OATS - ACRES HARVESTED","TOTAL","NOT SPECIFIED","400",""
"SURVEY","2013","YEAR","","STATE","ALASKA","02","","","","","","","00000000","","OATS","OATS - ACRES PLANTED","TOTAL","NOT SPECIFIED","1,300",""
"SURVEY","2013","YEAR","","STATE","ALASKA","02","","","","","","","00000000","","OATS","OATS - PRODUCTION, MEASURED IN $","TOTAL","NOT SPECIFIED","56,000",""
"SURVEY","2013","YEAR","","STATE","ALASKA","02","","","","","","","00000000","","OATS","OATS - PRODUCTION, MEASURED IN BU","TOTAL","NOT SPECIFIED","15,000",""
"SURVEY","2013","YEAR","","STATE","ALASKA","02","","","","","","","00000000","","OATS","OATS - YIELD, MEASURED IN BU / ACRE","TOTAL","NOT SPECIFIED","37.5",""
"SURVEY","2012","MARKETING YEAR","","STATE","ALASKA","02","","","","","","","00000000","","BARLEY","BARLEY - PRICE RECEIVED, MEASURED IN $ / BU","TOTAL","NOT SPECIFIED","5.35",""
"SURVEY","2012","MARKETING YEAR","","STATE","ALASKA","02","","","","","","","00000000","","HAY","HAY - PRICE RECEIVED, MEASURED IN $ / TON","TOTAL","NOT SPECIFIED","315",""
"SURVEY","2012","MARKETING YEAR","","STATE","ALASKA","02","","","","","","","00000000","","HAY","HAY, (EXCL ALFALFA) - PRICE RECEIVED, MEASURED IN $ / TON","TOTAL","NOT SPECIFIED","315",""
"SURVEY","2012","MARKETING YEAR","","STATE","ALASKA","02","","","","","","","00000000","","OATS","OATS - PRICE RECEIVED, MEASURED IN $ / BU","TOTAL","NOT SPECIFIED","3.6",""
"SURVEY","2012","YEAR","","STATE","ALASKA","02","","","","","","","00000000","","BARLEY","BARLEY - ACRES HARVESTED","TOTAL","NOT SPECIFIED","4,300",""
"SURVEY","2012","YEAR","","STATE","ALASKA","02","","","","","","","00000000","","BARLEY","BARLEY - ACRES PLANTED","TOTAL","NOT SPECIFIED","4,600",""
"SURVEY","2012","YEAR","","STATE","ALASKA","02","","","","","","","00000000","","BARLEY","BARLEY - PRODUCTION, MEASURED IN $","TOTAL","NOT SPECIFIED","1,107,000",""
"SURVEY","2012","YEAR","","STATE","ALASKA","02","","","","","","","00000000","","BARLEY","BARLEY - PRODUCTION, MEASURED IN BU","TOTAL","NOT SPECIFIED","207,000",""
"SURVEY","2012","YEAR","","STATE","ALASKA","02","","","","","","","00000000","","BARLEY","BARLEY - YIELD, MEASURED IN BU / ACRE","TOTAL","NOT SPECIFIED","48.1",""
"SURVEY","2012","YEAR","","STATE","ALASKA","02","","","","","","","00000000","","HAY","HAY - ACRES HARVESTED","TOTAL","NOT SPECIFIED","22,000",""
"SURVEY","2012","YEAR","","STATE","ALASKA","02","","","","","","","00000000","","HAY","HAY - PRODUCTION, MEASURED IN $","TOTAL","NOT SPECIFIED","8,505,000",""
"SURVEY","2012","YEAR","","STATE","ALASKA","02","","","","","","","00000000","","HAY","HAY - PRODUCTION, MEASURED IN TONS","TOTAL","NOT SPECIFIED","27,000",""
"SURVEY","2012","YEAR","","STATE","ALASKA","02","","","","","","","00000000","","HAY","HAY - YIELD, MEASURED IN TONS / ACRE","TOTAL","NOT SPECIFIED","1.23",""
"SURVEY","2012","YEAR","","STATE","ALASKA","02","","","","","","","00000000","","OATS","OATS - ACRES HARVESTED","TOTAL","NOT SPECIFIED","900",""
"SURVEY","2012","YEAR","","STATE","ALASKA","02","","","","","","","00000000","","OATS","OATS - ACRES PLANTED","TOTAL","NOT SPECIFIED","2,400",""
"SURVEY","2012","YEAR","","STATE","ALASKA","02","","","","","","","00000000","","OATS","OATS - PRODUCTION, MEASURED IN $","TOTAL","NOT SPECIFIED","212,000",""
"SURVEY","2012","YEAR","","STATE","ALASKA","02","","","","","","","00000000","","OATS","OATS - PRODUCTION, MEASURED IN BU","TOTAL","NOT SPECIFIED","59,000",""
"SURVEY","2012","YEAR","","STATE","ALASKA","02","","","","","","","00000000","","OATS","OATS - YIELD, MEASURED IN BU / ACRE","TOTAL","NOT SPECIFIED","65.6",""
"SURVEY","2012","YEAR - JUN ACREAGE","","STATE","ALASKA","02","","","","","","","00000000","","HAY","HAY - ACRES HARVESTED","TOTAL","NOT SPECIFIED","23,000",""
"SURVEY","2011","MARKETING YEAR","","STATE","ALASKA","02","","","","","","","00000000","","BARLEY","BARLEY - PRICE RECEIVED, MEASURED IN $ / BU","TOTAL","NOT SPECIFIED","4.5",""
"SURVEY","2011","MARKETING YEAR","","STATE","ALASKA","02","","","","","","","00000000","","HAY","HAY - PRICE RECEIVED, MEASURED IN $ / TON","TOTAL","NOT SPECIFIED","300",""
"SURVEY","2011","MARKETING YEAR","","STATE","ALASKA","02","","","","","","","00000000","","HAY","HAY, (EXCL ALFALFA) - PRICE RECEIVED, MEASURED IN $ / TON","TOTAL","NOT SPECIFIED","300",""
"SURVEY","2011","MARKETING YEAR","","STATE","ALASKA","02","","","","","","","00000000","","OATS","OATS - PRICE RECEIVED, MEASURED IN $ / BU","TOTAL","NOT SPECIFIED","3.45",""
"SURVEY","2011","YEAR","","STATE","ALASKA","02","","","","","","","00000000","","BARLEY","BARLEY - ACRES HARVESTED","TOTAL","NOT SPECIFIED","4,800",""
"SURVEY","2011","YEAR","","STATE","ALASKA","02","","","","","","","00000000","","BARLEY","BARLEY - ACRES PLANTED","TOTAL","NOT SPECIFIED","5,200",""
"SURVEY","2011","YEAR","","STATE","ALASKA","02","","","","","","","00000000","","BARLEY","BARLEY - PRODUCTION, MEASURED IN $","TOTAL","NOT SPECIFIED","788,000",""
"SURVEY","2011","YEAR","","STATE","ALASKA","02","","","","","","","00000000","","BARLEY","BARLEY - PRODUCTION, MEASURED IN BU","TOTAL","NOT SPECIFIED","175,000",""
"SURVEY","2011","YEAR","","STATE","ALASKA","02","","","","","","","00000000","","BARLEY","BARLEY - YIELD, MEASURED IN BU / ACRE","TOTAL","NOT SPECIFIED","36.5",""
"SURVEY","2011","YEAR","","STATE","ALASKA","02","","","","","","","00000000","","HAY","HAY - ACRES HARVESTED","TOTAL","NOT SPECIFIED","19,000",""
"SURVEY","2011","YEAR","","STATE","ALASKA","02","","","","","","","00000000","","HAY","HAY - PRODUCTION, MEASURED IN $","TOTAL","NOT SPECIFIED","6,600,000",""
"SURVEY","2011","YEAR","","STATE","ALASKA","02","","","","","","","00000000","","HAY","HAY - PRODUCTION, MEASURED IN TONS","TOTAL","NOT SPECIFIED","22,000",""
"SURVEY","2011","YEAR","","STATE","ALASKA","02","","","","","","","00000000","","HAY","HAY - YIELD, MEASURED IN TONS / ACRE","TOTAL","NOT SPECIFIED","1.16",""
"SURVEY","2011","YEAR","","STATE","ALASKA","02","","","","","","","00000000","","OATS","OATS - ACRES HARVESTED","TOTAL","NOT SPECIFIED","1,000",""
"SURVEY","2011","YEAR","","STATE","ALASKA","02","","","","","","","00000000","","OATS","OATS - ACRES PLANTED","TOTAL","NOT SPECIFIED","2,100",""
"SURVEY","2011","YEAR","","STATE","ALASKA","02","","","","","","","00000000","","OATS","OATS - PRODUCTION, MEASURED IN $","TOTAL","NOT SPECIFIED","276,000",""
"SURVEY","2011","YEAR","","STATE","ALASKA","02","","","","","","","00000000","","OATS","OATS - PRODUCTION, MEASURED IN BU","TOTAL","NOT SPECIFIED","80,000",""
"SURVEY","2011","YEAR","","STATE","ALASKA","02","","","","","","","00000000","","OATS","OATS - YIELD, MEASURED IN BU / ACRE","TOTAL","NOT SPECIFIED","80",""
"SURVEY","2010","MARKETING YEAR","","STATE","ALASKA","02","","","","","","","00000000","","BARLEY","BARLEY - PRICE RECEIVED, MEASURED IN $ / BU","TOTAL","NOT SPECIFIED","4.4",""
"SURVEY","2010","MARKETING YEAR","","STATE","ALASKA","02","","","","","","","00000000","","HAY","HAY - PRICE RECEIVED, MEASURED IN $ / TON","TOTAL","NOT SPECIFIED","305",""
"SURVEY","2010","MARKETING YEAR","","STATE","ALASKA","02","","","","","","","00000000","","HAY","HAY, (EXCL ALFALFA) - PRICE RECEIVED, MEASURED IN $ / TON","TOTAL","NOT SPECIFIED","305",""
"SURVEY","2010","MARKETING YEAR","","STATE","ALASKA","02","","","","","","","00000000","","OATS","OATS - PRICE RECEIVED, MEASURED IN $ / BU","TOTAL","NOT SPECIFIED","3.35",""
"SURVEY","2010","YEAR","","STATE","ALASKA","02","","","","","","","00000000","","BARLEY","BARLEY - ACRES HARVESTED","TOTAL","NOT SPECIFIED","4,200",""
"SURVEY","2010","YEAR","","STATE","ALASKA","02","","","","","","","00000000","","BARLEY","BARLEY - ACRES PLANTED","TOTAL","NOT SPECIFIED","4,400",""
"SURVEY","2010","YEAR","","STATE","ALASKA","02","","","","","","","00000000","","BARLEY","BARLEY - PRODUCTION, MEASURED IN $","TOTAL","NOT SPECIFIED","814,000",""
"SURVEY","2010","YEAR","","STATE","ALASKA","02","","","","","","","00000000","","BARLEY","BARLEY - PRODUCTION, MEASURED IN BU","TOTAL","NOT SPECIFIED","185,000",""
"SURVEY","2010","YEAR","","STATE","ALASKA","02","","","","","","","00000000","","BARLEY","BARLEY - YIELD, MEASURED IN BU / ACRE","TOTAL","NOT SPECIFIED","44",""
"SURVEY","2010","YEAR","","STATE","ALASKA","02","","","","","","","00000000","","HAY","HAY - ACRES HARVESTED","TOTAL","NOT SPECIFIED","20,000",""
"SURVEY","2010","YEAR","","STATE","ALASKA","02","","","","","","","00000000","","HAY","HAY - PRODUCTION, MEASURED IN $","TOTAL","NOT SPECIFIED","7,320,000",""
"SURVEY","2010","YEAR","","STATE","ALASKA","02","","","","","","","00000000","","HAY","HAY - PRODUCTION, MEASURED IN TONS","TOTAL","NOT SPECIFIED","24,000",""
"SURVEY","2010","YEAR","","STATE","ALASKA","02","","","","","","","00000000","","HAY","HAY - YIELD, MEASURED IN TONS / ACRE","TOTAL","NOT SPECIFIED","1.2",""
"SURVEY","2010","YEAR","","STATE","ALASKA","02","","","","","","","00000000","","OATS","OATS - ACRES HARVESTED","TOTAL","NOT SPECIFIED","800",""
"SURVEY","2010","YEAR","","STATE","ALASKA","02","","","","","","","00000000","","OATS","OATS - ACRES PLANTED","TOTAL","NOT SPECIFIED","1,900",""
"SURVEY","2010","YEAR","","STATE","ALASKA","02","","","","","","","00000000","","OATS","OATS - PRODUCTION, MEASURED IN $","TOTAL","NOT SPECIFIED","161,000",""
"SURVEY","2010","YEAR","","STATE","ALASKA","02","","","","","","","00000000","","OATS","OATS - PRODUCTION, MEASURED IN BU","TOTAL","NOT SPECIFIED","48,000",""
"SURVEY","2010","YEAR","","STATE","ALASKA","02","","","","","","","00000000","","OATS","OATS - YIELD, MEASURED IN BU / ACRE","TOTAL","NOT SPECIFIED","60",""
